FLASH SALE | LIMITED TIME ONLY Shop Now
chatgpt
Home
workspaces
In demand
except
port
image
chatgpt
chat      
Hurry! Only 2 left in stock
In Stock only 3 left
Hurry! Only 2 left
ONLY 8 LEFT
OUR BEST SELLING GOGGLE
1,142 people have added to cart recently
Limited Availability
No thanks. I don't like free things...
Michael in Pontiac, United States purchased a  
9 people are viewing this.
894 Claimed! Hurry, only a few left!
77 PEOPLE LIKE THIS
4 items left
HURRY! EXCLUSIVE DEAL FOR YOU! 1 4 : 4 5
Offer ends in
Another babe in Alexandria, United States just ordered Flat Tummy Tea
Someone in Boling Iago Texas United States Purchased Seek Discomfort Sketch White iPhone Case 5 hours ago
24 sold in last 24 hours.
Only 7 left in stock.
Someone from Norway purchased a Super FG Grater - 12x Faster - 15% OFF
1 in Stock
Low Stock Alert: Only 8 left in inventory
IBKUL Solid Mock Neck Half Zip Pullover purchased from Clinton, MD, US 1 minute ago
I don't feel lucky
Only 3 items left
Someone in Saint Kilda, Victoria purchased Frank Queen Size Bed Base
45 ADDED TO BAG IN THE PAST 24 HOURS
87% offers claimed. Hurry up!
HURRY! ¬£32.99 UK DELIVERY ENDS SOON
ONLY 3 LEFT
8 items left
19 people viewed this product per day
96 ITEM(S) LEFT IN STOCK!
Only 1 left In Stock
Availability: Only 4 Left!
Your order is reserved for 09:54 minutes!
This size has only 1 left in stock
HOT PRODUCT Over 250 people are looking at this item.
I don't want to save money
HURRY! ONLY 2 LEFT IN STOCK!
DEAL ENDS IN 40:55:13
Someone bought: HYPE BLUE LARGE SPLAT KIDS LEGGINGS
Only 1 Left
Only 33 left
Hurry, only a few left!
Only 11 left!
Hurry! Only 6 left in stock
40 users are currently active on our website just now.
90% offers claimed. Hurry up!
"Mitchell H. Purchased a Dimplex IgniteXL 100"" Linear Built in Electric Fireplace"
7 people looked at this product in the last 24 hours.
18 In Stock
Someone in New Lynn bought a Kogan A1 Earphones with Inline Control for IOS/Android 1 hour ago.
00:15:07:45
No, I'll rather pay full price.
Only 9 Left.
1 person is viewing this
Your order is reserved for 09:14 minutes! 
Limited time remaining!
No thanks, I'll pay full price
Only 7 left in stock!
Only 5 item(s) left.
(only 5 left)
I'll Shop Without A Discount
Only 11 Left In Stock
Bought by 39 people in last few hours! HOT SELLER!
Your order is reserved for 08:48 minutes!
11 11 Hours: 00 22 Minutes: 3223 3223 Seconds
Only 1 Item(s) left
Discount pending $10 OFF 00:30:00
Limited Time: $10 Off! Discount Reflected In Price!
IN 43 PEOPLE'S SHOPPING BAG
Hurry up! Prices increase in 0 DAYS 11 HRS 59 MINS 55 SECS
BERNARD in Philadelphia, United States purchased a
NO THANKS, I DON‚ÄôT MIND MISSING OUT
Hurry, only 1 left!
Only 26 Left
7 sold in last 24 hours
LAST CHANCE - UP TO 70% OFF - ENDS IN: 20 HRS 28 MINS 30 SECS
HURRY UP > 09H 42M 39S
Someone in Sasebo, Japan just bought
80 Customers are considering this product right now.
88 PEOPLE VIEWED ITEM IN THE LAST 24 HOURS
ONLY 2 LEFT IN STOCK!
Only few items left in stock
Only 1.75 yards left in stock!
71 people have purchased this item
Only 8 left
Subscribe & Save
Long Dress Style Beach Cover Up With Lace Detail Jessica in Metairie, United States
Someone in Kilwinning, United Kingdom just bought Cuban Link Chain Bracelet
00DAYS00HOURS14MINUTES21SECONDS
Hurry! Only 1 left in size M!!
Items in your cart are in high demand.
Limited stock Only 2 left
Over 500 left in stock
Hurry up! 6 people other than you have this product in their cart
1 LEFT
Leslie in USA just Purchased Special Design Exclusive Handmade Silver Ring
I do not want to protect my item
Add to Your Gift and We'll Ship it For Free!
25,439 people have viewed this item
No thanks I definitely measured correctly
57 PEOPLE HAVE LOOKED AT THIS TODAY
Theresa from Botkins just bought Panoply 14918 A-line Lace Formal Dress
Before you check out, can we tempt you?
When you join the PetPlus Plan, you are given the option to purchase your membership on an annual or monthly basis and you are automatically enrolled in our recurring billing program. You may cancel at any time by contacting our customer service team, but you will not be refunded for any unused days on your membership if you choose to cancel prior to the end of your billing cycle. You may cancel your PetPlus membership at any time without penalty if you have not utilized any of your PetPlus benefits (including discounts on products and/or services). For customers charged on a monthly basis, if you have purchased products or used services using your PetPlus benefits, we will charge a $25 administrative fee per membership cancellation if the membership is cancelled within three months of enrollment.
Limited quantity remaining
128 sold today! Hurry, only a few left!
4 people are looking at this right now.
No thanks, I dont want a discount
Someone from Portland, United States (US) purchased MODALERT recently.
Limited Time Offer Limited Offer! 15% off on Naomi Home with Coupon 9N03. You pay $63.74
2 people are viewing this
HURRY! ONLY 1 IN STOCK!
LAST CHANCE TO ACTIVATE 10% OFF
Your order is reserved for 09:45 minutes!
only 5 left
78 Persons looking for this product
227 Bought Already
Hurry! Only Limited Items Left
Strong demand! Complete your order before it's too late!
Your order is reserved for 09:56 minutes!
Sudha rana from Jaipur bought this product, 23 Mins ago.
6 others have already bought this deal today!
"""No Worry"" Membership Renewal We will bill your credit card on file at the introductory rate of $2.99 per month for the first year, for membership rewards and discounts. At the end of the introductory period, you'll be billed at the regular monthly rate of $3.99 per month. If you don't want your membership renewed, simply contact us and we will cancel your subscription. You will be refunded for the current month's membership fee, less any membership savings you have received. Exclusive Toll-Free Hotline Number Because we want your calls to get top priority, we have a special number for Value Club members only: 1-800-648-4282. Your call will be handled with the utmost promptness, courtesy and efficiency possible."
"LIMITED TIME OFFER 10% OFF - ENTER CODE \""CASES\"" AT CHECKOUT"
GRACE from ORLANDO, United States bought Camouflage Jumpsuit 31 minutes ago          
Synne Kristine in Halden, bought Classic Bokksu Subscription (Billed Every 1 Month) (Ships every 1 Months) about 45 minutes ago
803 Claimed! Hurry, only a few left!
Monira in Doha, Qatar purchased a LilyVanity‚Ñ¢ Velvet Box
Only 2 left!
3 PEOPLE VIEWING
No thanks, I‚Äôd rather pay full price.
Shipping Insurance Remove Insurance
No thanks. I don‚Äôt want deals.
Add and save!
RECENTLY VIEWED 2 others viewed this in the last few hours
2 viewed per hour
1 other customers have this item in their shopping cart
ONLY A FEW LEFT IN STOCK
1day21:04:58
Stock Low : 6 items left.
NO, I'LL PAY FULL PRICE
HURRY, LOW IN STOCK!
Only 4 copies left
2 LEFT
2 DAYS 13:06:13
5338 people bought this
2 left in stock
6,743 people have viewed recently
Selling fast!
ON SALE: Select Seasonal T-Shirts only $19.99! Limited time only! Save Now!
111 people have purchased this item
Your order is reserved for 09:58 minutes!
LIMITED TIME! - Save $5 OFF Orders $70+ Coupon: SAVE5 - PLUS - Free Gift on Orders $125+
1 Netflix offer: Not available to customers with an active Netflix offer from Vodafone. Available only on Red+ Lite, Unlimited, Red+ Essentials and Red+ until the 8th of August 2019. Exit fee of $60 applies if you exit or transfer your plan before 6 months. Plan exit fees may also apply. Netflix Offer: One year Netflix ‚ÄòStandard‚Äô plan ($14.99 a month) credit will be applied to your Netflix account on activation. At the end of your credit, you will be charged at your Netflix plan rate unless you cancel your Netflix subscription. Cancel Netflix at any time. Netflix compatible device required. See eligible plans and full Netflix terms.
1626 people seeing this product right now
Only 1 left in Stock
0 Days 2 Hours 57 Minutes 53 Seconds
Sharmeen Atif From Karachi just bought Stylish Metal Glasses Frames For Kids-Assorted-NA7157
Only 34 Left!
William in Pago Pago, United States purchased a
No thanks, I don‚Äôt like fun and games.
PROTECT YOUR SOFA! Your Humblebum Sofa in Thatch house fabric will look wicked! Why not add Castelan Fabric Protection to cover your new squish machine against wine spillages, messy TV dinners, and other disasters for just just ¬£80?
HURRY, ORDER WITHIN 16h 59m 06s TO GET 35% OFF EVERYTHING* EXCL SALE & BEAUTY ENTER: DOLL35
LAST CHANCE TO SAVE... enter your email to Save 20% on your first order 00 hours :29 minutes :43 seconds
OFFER EXPIRES IN: YES NO Want 10% Off Your First Order? 7 minutes 35 seconds
113 people have viewed in the last 24hrs
Jamie in Nashville, United States purchased
Denise in Saluda, Virginia bought Terani Couture - 1911E9095 Embroidered Asymmetric Neck Mermaid Gown
Don't miss out! We've sold 38 in the last few days.
No, thank you. I prefer to pay the full price
No Thanks, I don't like exclusive deals.
No thanks, I'd like 0% off
Uncheck the box if you prefer not to receive email updates.
No Thanks, I Don't Want a Free Gift
This item is in high demand.
ONLY 1 LEFT! GET IT NOW!
Our most recent customers are from New Rochelle, Roseville, and Brooksville
ONLY 4 LEFT
Limited quantity! 
DON'T MISS ON THESE AWESOME ITEMS / DON'T MISS ON OUR TABLE DECORATION SYSTEM
Hurry! Only 15 left!
Only a few more left!
0011Days:0088Hours:4411Minutes:21125445Seconds
69 people are viewing this
Only 4 items left in stock.
No Thanks, I Prefer Paying Full Price
Ends in 1 Days, 4 Minutes, 44 Seconds
In Stock - Limited Quantity
Only 8 left in stock. Almost Gone!
Limited time only: FREE SHIPPING on all orders, no minimum required!
No thanks, I don't like promotions and exclusive content.
10 Left
Only 2 left
3Days01:49:51 Left
Your order is reserved for 07:28 minutes!
OH SO POPULAR! 21 bought in the last 7 days.
No Thanks, I'll Pay Full Price
2 customers recently bought it
Only 1 left in stock
Only 1 left in stock! Get in quick!
You left 2 items in your bag Released in: 29 minutes :07 seconds
7 people have it in their cart
Pre-order 3 left
Offer ends in 15hrs 1min 56sec!
Hurry, this style is selling fast!
Hurry, only 3 left!
FREE NECKLACE FOR MOM 01Days 01Hrs 35Mins 02Secs
Free Upgrade, Limited Time!\n*DISH Install Not Available*
No thanks, I don't like discounts
Going Fast: Limited Quantities Left!
You may cancel your JustFab VIP Membership at any time. There is absolutely no cancellation fee. If you would like to continue receiving selections, then just skip the month by clicking Skip This Month in your Boutique between the 1st and the 5th of the month. You won't be charged and no member credit will be generated for you. If you no longer want to skip the month, then call our Fashion Consultants on 020 36953830 (local rate) Mon-Fri 8:00AM to 8:00PM and Sat-Sun 10:00AM to 6:00PM or cancel your membership via chat.
Only 498 left
Over 38 bought
Hurry! Only a few of these left
Only 2 Left!
only 2 left
Only 1 Item Left!
HAUTELOOK 04:53
Only 1 item left
* Limited Time Offer *\nFREE\nTLPWR1 Test Leads!
85 have it in their cart
If you wish to cancel your subscription, you can email us at getflat@flattummyco.com
No thanks. I'd rather pay full price.
Only 3 pieces in stock!
ONLY 3 LEFT IN STOCK.
Members may cancel their Membership at any time during their Membership term and receive a full refund, less any benefits/savings received in their current Membership term (for example, Buyer‚Äôs Club Discounts received or free shipping). Refunds for completed years completed will not be made, even if the Member did not use any of the benefits during the Membership term. To cancel your membership, please contact our customer service department by contacting us at 1-800-375-3006.
no thanks, I'll save money another day
Shopper from Saint John, NB viewed Lenovo ThinkCentre M710t 10M9000RUS Desktop Computer 3 minutes ago!
Only 2 Left In Stock
LIMITED TIME ONLY!
Now 30% off - hurry, limited time offer!
HURRY! Only a few left in stock!
No Thanks, I rather pay full price
Someone from Airdrie & 10820 others bought this item recently.
52 people are looking at this right now.
1 day 08:15:25
estiven in Deer Park, United States purchased PreWash‚Ñ¢ 4 oz
Oscar from Cajamarca, Peru purchased
Only 3 Left
ONLY 1 REMAINING
Necessary Protection..
Someone in Spain purchased
LIMITED QUANTITY
02:06:40 left to buy
Limited Edition Honeycomb Necklace (Bee Inspired) Someone purchased a Limited Edition Honeycomb Necklace (Bee Inspired)
NO THANKS, I'll PAY FULL PRICE
13 people have added this to their cart
Last chance! Only 1 left
YOU MAY CANCEL YOUR WINE CLUB MEMBERSHIP OR ANY HOLIDAY SHIPMENTS AT ANY TIME BY CONTACTING US AT 1-877-975-9463, AND WE WILL PROMPTLY STOP PROCESSING THE RECURRING PAYMENTS.
Sale ends soon:
Only 16531 items left in stock!
Want a special deal? Bundle and SAVE UPTO30%
4 people have purchased this item
Only 3 Left!
We only have few stocks left for this product. Please don't miss the chance.
Your order is reserved for 09:35 minutes!
LIMITED TIME ONLY *on select models
BE QUICK 00:57:33 DON'T MISS OUT
35% OFF EVERYTHING* EXCL SALE & BEAUTY ENTER: DOLL35 - HURRY! ENDS IN  16H 59M 06S
LOGIN/REGISTER
00Days17Hours12Mins13Secs
3 people are looking at this item right now
Someone from Menlo Park, California just purchased Electric Skateboard Motor 6374 190KV.
Hurry, Limited Time Offer! 11:25
We'd like to keep you informed via email about product updates, upgrades, special offers and pricing. If you do not wish to be contacted via email, please ensure that the box is not checked.
Only 2 stock available
Hurry! Only 3 Left In Stock.
‚óäAfter 1 year, subscription auto renews with fee. Review your iFit¬Æ Coach account on a computer, tablet, smartphone, or equipment console.
No Thanks, I Don't Want a Discount
WOULD YOU LIKE A FREE NEXT DIRECTORY? Explore all the latest collections from your free Next Directory. By opting in to receive the Next Directory you agree that we may send you, at our discretion, further Directories usually in January and July each year, at a charge of ¬£3.75 per publication. You also agree to receive supplementary Directories and ‚ÄòNew In‚Äô publications at no additional charge.
I'd rather pay full price
Hurry up! Sales Ends in DAYS HRS MINS SECS by Beeketing 
Only 8 items left in stock!
ONLY 1 LEFT IN STOCK!
Subscribe & Save (15%): $ 16.99
FRAMON #2 Code Machine Offer - Limited time offer!
Limited stock!
Hurry! Only 2 left in stock!
SLEEP EVENT OFFERS - LIMITED TIME ONLY
Only 1 left in Stock!
Oliver in Rotterdam, Netherlands purchased a England Away Soccer Shorts 2018 About 9 hours ago
Only 3 left In Stock
Enjoy FREE shipping with WSJwine Advantage
only 2 left!
Only 1 in stock
Only 8 item(s) left.
Spring Sale Extended
No, I don't want a discount
No thanks, I don't want the free gift.
jennifer just bought Rainbow Moonstone Healing Heartabout 6 hours ago
SAVE $300.00\nfor limited time
[NO THANKS, I'LL JUST WALK]
Currently 8 left in stock.
NO, I DON'T FEEL LUCKY
Currently less than 10 available
Ends Sunday! $200 off any mattress . free shipping & free returns!
Only 8 left!
Only 1 items left in stock!
9 people are currently viewing this product
ONLY 1 WATCH LEFT
2+ people just viewed this product
94% offers claimed. Hurry up!
I'D RATHER PAY FULL PRICE
*** Get 50% Off Your 2nd Case OR a Canopy Screen Protector *** A 50% OFF discount will be automatically applied to the lowest priced item in your cart when you check out with more than one item! (excludes Clearance items) Click to Choose Another Item
Purchase protection added
Only 6 items left
39 people have this in their cart
23% left in stock!
In Stock. Only 1 Left!
Status:Only 3 left in stock
No thanks - I don't want to save money
Today's sale ends in: 00hours:57min:19sec
ONLY 7 LEFT!
8 people are looking at this artwork
Add on something to make it extra special!
OFFER ENDS 00:54:59
Other Items On Special Offer:
You may change the items in your order, or cancel the Smartship at anytime, up until 3 days prior to the scheduled ship date of your Smartship by calling Customer Service at 1-800-518-0284.
LIMITED TIME SALE
NO THANKS, I DON'T WANT TO SAVE
320 items left
HURRY! 3 left in stock!
I would like to join Backstage Pass & agree to the Terms & Conditions & to receive emails & other promotional offers.
(ONLY 1 LEFT IN THIS SIZE!)
Only 65 Items Left.
Only 3 left in stock.
I Don't Like to Save Money
In Stock, Only 1 Left!
Explosive Offers! 80% Off Everything 07:25:41
Only 4 left
I'LL PAY FULL PRICE
Hurry only 1 left!
Only 8 item(s) left
No thanks, I‚Äôd rather not win.
LOW IN STOCK, only 2 left
74% offers claimed. Hurry up!
I'd rather not save
Only 2 left in stock!
no thanks, I hate fun & games
00 Days 02 Hrs 26 Mins 12 Sec Sale Ends Once The Timer Hits Zero!
Bobby in Decatur, United States just purchased
tuvia eisenberg Systematics in Tel Aviv, Israel purchased a
Your Cart Will Expire In 09:58 minutes!Please note that these items may not be available again if you release them.
SAVE 10% On All Orders. No Voucher Code Needed Expires in 18:07:59.
One customer bought this article in the last 53 min.
Only 9 Left!
Hurry! Only 2 left!
2 people are looking at this listing now
1 left at this price
ONLY 12.5M LEFT IN STOCK!
Protect Your Gear
210+ bought
No thanks, I'm not interested in saving money.
Someone in Mount Louisa bought a Coleman Folding Table & Bench Set 2 minutes ago
Don't forget the essentials Get up to 2 years of accidental damage coverage with AppleCare+.
Competitor Price: $172.00
No thanks, I'd rather pay more
6 items left! Order soon.
ONLY 20 LEFT IN STOCK
ONLY 1 LEFT
No thanks, I don't want 15% off
Ashley in Auburn, United States purchased a Check Plz iPhone X/Xs Case about 24 minutes ago
99 people are looking at this right now
Someone from South Gate, California just purchased the Admiral JR / Spektrum Servo Connector Plug Set (Male and Female - 2 Pairs)
Only 4 left!
Almost Sold Out! Only 2 Left.
Days left until the offer ends: 00 Days 04:43:35
Spin to unlock your mystery offer
Only 2 items left in stock.
104 people viewed this product recently!
Armin Dinovic bought 10M Runescape 3 Gold Order total: 3,70‚Ç¨ About 10 seconds ago
Only A Few Left
Rebecca in Buffalo just bought Sateen Twill Swatchabout 1 hour ago
1 in stock
Leah Rich in Louisville, United States purchased a
SAVE TODAY: Save 20% on lighting by Le Klint. Limited time only.
Only 3 Left! Get it before it`s gone!
No thanks, I'll be the last to know.
Hurry Up ! Just 2 Items Left in stock
62 people have looked at this item in the last few hours.
8 customers have bought today
Last 1 in stock
Only 1 left!
Only a few left
No Thanks, I'll let this offer sail away
Limited stock available
Hugs and Kisses Rose Bouquet $44.99 Discount -$6.75 Delivery $13.99 Tax $3.46 Item Total $55.69
Due To HIGH Demand, Cart Expires In: 08:41
ONLY 3 LEFT! GET IT NOW!
5 people are looking at this product right now
Hurry up! Discount Ends in DAYS HRS MINS SECS
Extremely high demand: expect 2-4 weeks for it to arrive (to be safe). Limit 4 per person!
In other users' carts 59
Awhi from Hicks Bay, Gisborne, New Zealand just bought
24 people currently interested
IF YOU PARTICIPATE IN AN AUTOMATIC RENEWAL SUBSCRIPTION AND YOU HAVE PROVIDED US WITH A VALID CREDIT CARD NUMBER OR AN ALTERNATE PAYMENT METHOD, EACH SHIPMENT WILL BE AUTOMATICALLY PROCESSED AT THE TIME OF EACH SHIPMENT OR INSTALLMENT AND WILL BE BILLED TO THE PAYMENT METHOD YOU PROVIDED TO US AT THE TIME OF YOUR INITIAL PURCHASE AND AGREEMENT TO PARTICIPATE IN THE PROGRAM. IF YOU WISH TO CANCEL YOUR PARTICIPATION IN AN AUTOMATIC RENEWAL SUBSCRIPTION, YOU MAY DO SO AT ANY TIME BY CONTACTING A CUSTOMER CARE PROFESSIONAL AT THE CONTACT INFORMATION PROVIDED ON THE WEBSITE.
5 Viewing This Product
23 People viewing this product
Activate within 0:30:00
James in Cashion, Oklahoma just bought Glossy Black Brick Geode / Amber Gradient Fast Lanes
Fast Mover: 35 PEOPLE added this to cart today!
No thank you, I prefer to pay full price
DON'T LET 'EM GET AWAY Several people have recently viewed this item.
No thanks. I prefer paying full price.
Crystal Li in Flushing, United States purchased a
Only 5 Left in Stock. Buy Soon!
Carl F. from Fort Ann, NY bought a King
137 users are currently active on our website
Edwin in Woodland Park, NJ just bought
83% offers claimed. Hurry up!
Clearance! Only 4 left in stock.
Jeremy in Stockton, United States purchased a
Only 4 Left!
Only 1 products left
1 left in stock
üî• 9 people are viewing this.
715 people have added this item to cart
00DAYS02HRS14MINS1211SEC
24 people have purchased this wine today
Hurry! Less than 10 left!
I DON'T LIKE FREE GIFTS, NO THANKS
ONLY 13 LEFT
Someone in Yanchep bought a 52mm Mechanical 'Performance' Boost Gauge - Blue/White 9 seconds ago
Someone in Egypt bought
mark in richmond hill, United States purchased a Fugoo Tough 11 minutes ago
HURRY! DON'T MISS THIS DEAL! DAYS 0 1 HRS 1 2 MINS 3 1 SECONDS
No, I'd rather pay full price.
5338 people viewed this in the last hour
Only 1 item left in stock
No Thanks, I don't want a discount
Availability: In Stock Hurry! Only 8 Left!
Fewer than 5 left!
No Thanks, I prefer paying full price.
Hurry, before it is gone! Limited time remaining!
Keith in Champaign, Illinois bought Mini USB Audio Cassette to MP3 Converterabout 56 minutes ago
Only 867 left
Only 2 units left in stock
Only one item left in stock!
LIMITED TIME DEAL!
Only 3 available
Only 1 left in online stock
Hurry! Almost Sold Out...
Only 2 copies left
Limited Quantity Available
No Thanks, I Don't Like Exclusive Offers.
Trey in Sparta, United States purchased Stealth Angel Ultra Lightweight & Portable Sleeping Bag about 45 minutes ago
2 items left
Available, only 2 left
Someone in San diego, United States just bought Gemfield Watch 15 days ago
There is no commitment and no minimum to buy. Please note exact shipment times may vary. To customize this program or future shipments, call customer service anytime at 1-800-THICKEN (844-2536).
22 people have looked at this part recently
Limited Time!
4 sold in last 5 hours
Collin P. from Grandview Missouri just bought BURGUNDY TWO BUTTON SUIT ABOUT 5 SECONDS AGO
Your order is reserved for 08:53 minutes!
OFFER ENDS: 09h: 09m: 55s: 0 
Kamal in Lathrop, United States purchased a Father Sons Super Slim Stretch Feather Print Long Sleeve - FS429 4 hours ago
Someone in city just added Radiance - Nebulizing Diffuser¬Æ to their cart
Hurry! Only 1 Pair left!
Flash Sale - Almost Over! 00 HOURS : 55 1001 MINUTES : 0550 8778 SECONDS
Cart will expire in 04:53 minutes!
Hurry, Only 4 Left In Stock. Buy Now!
Only 7 left
89% offers claimed. Hurry up!
No thanks, I hate cool stuff
Cheryl in Ontario bought 100% Organic Reishi Mushroom Powder 100g about 16 minutes ago
20 units left
High demand
3642 BOUGHT
5 in stock
"Nancy in Pennsylvania purchased 24"" Italian Sterling Silver Milano Twist Adjustable Chain"
Only 1 left
Abbie in Calwell, Australia purchased Shark Bite Socks about 1 hour ago
Last purchase was 18 minutes ago by someone from Dublin
7 users have looked at this product in the past 6 minutes
Only 7 in Stock!
Score! You've Qualified for a Checkout Bonus
"Someone in Cashmere bought a 
RCM Cosworth Timing Belt Kit 99-02MY EJ20/22/251 hour ago"
No thanks, I don't like FREE stuff.
No thanks, I just want the item
ONLY 1 LEFT IN STOCK
Trending now! Added to basket 38 times today
In stock, only 1 products left
LAST 1 LEFT
only 2 left in stock
No thanks, I don't like deals.
Size low on stock, only 1 item left
8 people have this in their bag right now.
11 people viewed this today!
How about one of these hot sellers?
Only 3 left
Now 20% off, hurry limited time offer!
No thanks, I don't want a free gift.
"Hurry! Sale Ends In:

02:59:50"
NO, I'D RATHER PAY FULL PRICE
activate within 10:00
There is only one product left!
00DAYS00HOURS47MINUTES36SECONDS SALE ENDS ONCE COUNTER HITS ZERO
Only 3 left, order soon
No, I don't feel lucky
1 left in stock. Hurry!
Your cart is reserved for 09:35 minutes.
LIMITED TIME ONLY: FREE SHIPPING TO SELECT COUNTRIES ON ORDERS OVER $100!
ONLY A FEW LEFT!
No thanks, I like full price
HIGH DEMAND
ONLY A FEW LEFT
MOST POPULAR
We'd like to send you weekly emails packed full of our lovely products, clearance goodies and cool stuff to win. You can unsubscribe at any time. If you DON'T want to receive these emails, please tick this box. We'd like to send you the occasional brochure so you can get a regular fix of our lovely product! You can unsubscribe at any time. If you DON'T want to receive these brochures, please tick this box. We'd like to introduce you to other brands you might love who will post you the occasional brochure. You can opt out of this at any time. If you DON'T want to receive these brochures, please tick this box.
8 people have viewed this product today!
30 people have purchased this item
Chelsea in Burlington, Wisconsin bought Take Out The Boat Jumpsuit, Blackabout 13 minutes ago
Limited Time Offer!
Almost gone! Only 3 left In Stock
3 people are looking at this product
38 people are viewing this
no thanks, I don't like to save
00 HRS 57 MINS 56 SECS
Stacey in Saint Marys, United States purchased Extra Long (10 Ft) Fiber Cloth Sync & Charge USB Android Cable - Assorted Colors about 30 minutes ago
Hurry! Only 6 left in stock!
Only 1 Left in this Size!
Only 7 left!
Son in Suisun City, United States purchased Commander Lex
3DAYS124606
To cancel your order before it ships, call us.
More than 752 users are adding shapewear to their cart. Is your size left?
No, I don't feel lucky.
Only 2 left in stock. Make it yours.
For more information about the VIP Rewards Club Membership, to purchase or terminate a membership, or to start or stop automatic renewal of a membership, contact Ross-Simons Customer Service by postal mail at: Ross-Simons, 9 Ross-Simons Drive, Cranston, Rhode Island 02920; or by email at customerservice@ross-simons.com; or by calling the VIP Rewards Club priority line at 800-835-3799.
Sayeeganesh in Chennai, India just bought Dhoni the Finisher T-Shirt an hour ago
Only 1 left in stock.
Only 1 left , In Stock
65% of our customers added Surefit protection this year.
50% OFF for Limited Time Only!!!
HURRY! ENDS IN: 11 HRS 20 MIN 13 SEC
Sabrina in Paraparaumu, New Zealand purchased a SCHO-KA-KOLA Schokakola energy Chocolate caffeine snack food MRE caffeinated 
YOUR CART IS ELIGIBLE FOR AN ADDITIONAL 10% OFF Including Current Promotions + Sale & Clearance 00 hours :29 minutes :26 seconds CHECK OUT NOW
10 SEATS LEFT
(Only 5 Left)
Let's make sure you have everything else you need
80% offers claimed. Hurry up!
Your order is reserved for 09:57 minutes!
LAYAWAY SALE WE WILL MATCH YOUR INITIAL PAYMENT. LIMITED TIME ONLY
HURRY! ENDS IN: 10 HRS 40 MIN 00 SEC
Only 20 left
Your one-time offer! Enjoy 10% off sitewide. Applied at checkout Offer ends in: 04 hrs 37 min 56 sec
"""Your purchase entitles you to the following special"""
2 people are looking right now
IN HIGH DEMAND!
Low Stock Only 2 left
Limited-time Deal
Limited time - Free Shipping on all orders*
Hurry! Only 4 left in stock.
No thanks, I despise coupons!
JULIE in Oak Brook, United States purchased a Watercolor Brush Pens 24 Refillable Colors with Travel Case about 10 hours ago
For a limited time, buy 2 Hydroxycut Hardcore Elite, 30 Servings for $30!
(5 Left)
FREE SHIPPING FOR A LIMITED TIME | PRICES ARE IN USD AND INCLUDE ALL IMPORT DUTIES.
Only 3 Left In Stock
Only 14 left
33 people are eyeing this item!
Nice choice. Did you know you‚Äôre missing out on these deals with the item in your cart. Suit + Shirt + Tie now $599.99* - Shop Suits, Shirts and Ties Or Get 2 Suit Packages for $1100*
No thanks, I don't like saving money
Only 1 Left in Stock. Buy Soon!
19 people have viewed this item
No Thanks, I'd Rather Pay Full Price
We only have 8.0000 left in Stock
Hurry, Sale ends in 9 Hours!
166 people have added this item to cart
LIMITED TIME LEFT! 00 : 46 : 11
Michael M. from Lacey, WA just bought a Cal King
There are only 1 item left in stock.
ALMOST GONE - only 2 remaining!
Offer ends in 03 days 19 hours : 54 mins : 22 secs
Over 200 views in 24 hrs
Hurry, only 302 left.
POPULAR 64 others checked this out in the last few hours.
ONLY 5 LEFT IN STOCK
No thanks, I hate saving money
ONLY AVAILABLE FOR A LIMITED TIME
5 items left
This product was viewed 26 seconds ago by someone from Princeton
ONLY 1 ITEM LEFT!
ONLY 11 LEFT
Only a few left of this product!
Purchased 6 times this week.
Only 4 left at this price
Only 2 left, order soon
Someone from Huntingtown, Maryland, United States purchased TopCoat¬Æ F11¬Æ Polish & Sealer - Web Special Kits Just Now
You may cancel your VIP membership at any time by calling 1-866-337-0906 (open 24/7).
Items in your cart are in VERY high-demand.
Items in your cart are selling fast
No thanks, I don't like winning.
Low in stock: only 2 left.
Deal Ends In 2 : DAYS13 : HRS10 : MIN24 SEC
Order soon, only 1 left!
Hurry, only 2 left in stock!
ONLY 5 LEFT IN STOCK!
Over 238 people have bought this product
Order in 13:16 to get $200 off your mattress
No Thanks, I'd rather pay full price
Warning: Last items in stock!
39 recently purchased it
Limited Time Offer: 10% Off your first order!
Hurry only 2 left
21 people looked at this during the last 24 hours
Items in your cart are in high demand, but we have reserved your order.
167 piece(s) left for this promo
No Thanks, I don't like free stuff.
Only 32 left in stock
Less than 10 left!
Hurry! Sale ends in:
Low in stock
Availability: Only 1 Left
Only 3 left!
Only 4 unit(s) available!
No USB or Y-Adapter!? Our USB Sound Card is highly recommended for PC (Mac/Linux/Windows) and works with current gen consoles. The Y adapter is recommended for console gaming, phone, or other TRRS jacks.
146 people recently purchased this.
Only 25 Deals left
HURRY! YOUR 10% OFF EXPIRES IN 29:43
3 people bought this item last week.
Only 8 left in stock
Hurry! This special sale ends in 2h 42m 0s
VIP OFFERS END 00:54:59
Your cart is reserved for 14:57 minutes!
No thanks, I don't want any deals
ONLY 1 ITEM LEFT
01 Hours 37 Minutes 48 Seconds 1/10s
Only: 9 in stock now
Only 3 left , In Stock
UP TO 60% OFF SPRING SALE PLUS 10% OFF ALL SHOWERS ENTER CODE SHOWERS10 AT CHECKOUT, MUST END TUESDAY 02DAYS  :  04HOURS  :  13MINS  :  28SECS
Hurry, Only a few left!
ONLY 1 LEFT IN THIS SIZE
Only 82 left in stock!
LIMITED TIME OFFER MEN'S CHINOS & 5-POCKET PANTS BUY 2 FOR $59.90 EACH SHOP NOW
Your order will be reserved for 6:56 minutes.
LESS THAN 8 LEFT IN STOCK!
Limited Time Sale - Buy Now!
JUST 1 LEFT!
Don't snooze, only 1 left
I agree to receive marketing emails from Natural Life and agree to our Privacy Policy and terms of use.
Don't miss out, only 2 left in stock
Someone from Rochedale, Queensland, Australia started buying this!
LIMITED TIME OFFER!
Low In Stock Today
Lenscap: Damage Only
With 1-year Care Subscription 10 days history
Don't miss out on this item! There is only 1 left in stock.
NO, THANKS. I DON'T LIKE DISCOUNTS 
No thanks, I'd rather pay full price.
Wait! Take 10% off Your First Order Deal Expires Soon!
CANCELLATION POLICY: If you are not completely satisfied with Yogi Surprise, you can cancel your membership and discontinue your monthly payments at any time. In order to cancel before you are renewed for the next shipment, you need to contact Yogi Surprise prior to the renewal date on the 14th of each month. Email: support@yogisurprise.com and we‚Äôll respond promptly. If your membership has already renewed and you‚Äôd like to cancel an upcoming shipment, you must request cancellation by the 3rd of the month to be eligible for a refund. IF YOU DO NOT CANCEL PRIOR TO THE THIRD DAY OF A CALENDAR MONTH, YOU CANNOT BE REFUNDED FOR THAT MONTH‚ÄôS SHIPMENT. WE DO NOT OFFER REFUNDS ON BOXES THAT HAVE ALREADY BEEN SHIPPED. To request cancellation, simply click here and submit the contact form or email us: support@yogisurprise.com. We‚Äôll get back to promptly!
Limited Time Only! 20% Off
Hurry, only 2 left in stock
Someone in Flemington, United States purchased Anti-Aging Eyelid Tape (Contains 100 Strips) Just now
Hurry only 8 items left!
Someone in United States just purchased a
LIMITED TIME: $10 OFF! DISCOUNT REFLECTED IN PRICE!
Hurry! 1 items left!
Someone in Byron Bay, NSW just bought
Last 1 left
Limited quantity available
Checkout within 04:10 so we don't run out of stock!
3,081 people have viewed this item
Hurry! Only 7 left
19,302 people have added this item to cart
We will also send you an additional email confirming your renewal. Should you elect not to renew your Membership, you may cancel at any time prior to the renewal by emailing us at passportmembership@1800flowers.com and your credit/debit card on file with us will not be charged. A confirmation email will be sent to you. If you email to cancel after your Membership has been renewed, your credit/debit card will have been charged the then current paid annual membership fee for the Passport Program, however you may request, and 1-800-Flowers may grant, a pro-rata refund within its sole discretion based upon the extent that you may have utilized the benefits of the Passport Program and the period of time remaining on your paid Membership.
31 people seeing this product right now
3 other people are currently viewing this item.
Favored By: 400 people!
143 BOUGHT
WARNING! Only 5 left in stock!
No thanks, I've got too much cool Glock stuff!
43 added to bag in the last 48hrs
67% offers claimed. Hurry up!
Sara from Philadelphia just saved $68 on her order.
17 people have viewed this wine today
Free Shipping On Orders Over $49* - Limited Time Only
Someone in DOVER, United States just bought Crew 15 mins ago
HURRY! ONLY 19 LEFT IN STOCK.
Massive Tax Time Sale See Discounts! Sale ends in
Special sale ends in
No thanks, free stuff isn't for me.
Only 2 Left
Isra√´l in Metz, France purchased a More ADVANCED Chord Substitutions
In stock | 44 left
only 7 pieces left
ENDS IN - Flash Offer - TWO PAIRS OF SHOES FOR $319 PROMO CODE AUTO-APPLIED AT CHECKOUT! 0 Days : 16 Hours : 09 Minutes : 57 Seconds
Hurry, limited quantities left!
Only 14 left!
NO THANKS, I DON'T WANT 20% OFF MY ORDER
I already have this item. Do not add this to cart
ONLY 1 LEFT!
"""We'd love to send you emails with offers and new products from New Balance Athletics, Inc. but if you do not wish to receive these updates, please tick this box."
Limited Stock!
LIMITED TIME - BUY THE NEW PURPLE PLUSH PILLOW, GET ONE FREE
Limited Time Offers
Someone in Bacchus Marsh bought a Noosa Basics Deodorant Stick - Sensitive (60g) 27 seconds ago
436 users are currently active on our website Just now
Exposed Membership (recurring subscription) and Cancellations  If You order with Exposed Membership, you are selecting a recurring billing subscription, where You will receive a new kit approximately every 60 days. You are able to cancel by contacting Exposed customer care at 1-866-404-7656, 8am ‚Äì 4pm Pacific Time, M-F.  If You are part of our Monthly installment program, You will be billed in two monthly installments for each acne kit shipped. Each kit will be shipped every two months unless your membership is canceled. To cancel Your Exposed Membership, You must: 1. first pay in full for all kits that have been shipped 2. and, then contact Exposed customer care at 1-866-404-7656 8am ‚Äì 4pm Pacific Time, M-F to process Your cancellation.
Did you know that Shaver heads need replacing every 12 - 18 months? Get the Shaver Guard cleaning spray to extend its life for up to another 6 months!
No thanks, I don't want to build one.. I'd rather kick rocks!
4 SEATS LEFT
Someone in Keilor East bought a Piranta-Edge Skinning Knife - Blaze - Havalon Knives54 minutes ago
Will sell out fast!
Get it fast! 14 added to bag today
HURRY! LESS THAN 129 LEFT.
Ken in Three Bridges, United States purchased All Zebrawood + Olive Ash
Only 3 left in stock
We only have 5 left!
Nah, I like paying full price
2 people have looked at this in the last couple of hrs.
Real time 30 Visitor right now
Please note all products are made in limited quantities and we rarely restock - checkout now so you don't miss out!
No thanks, I don't like getting free stuff.
THIS PRODUCT HAS BEEN VIEWED 480 TIMES IN THE LAST 48 HOURS
HURRY! ONLY 2 LEFT!
Less than 7 left!
BOTTLES LEFT 3
Items reserved for 15:00
ONLY 4 LEFT!
-90% discount if you order within 9:55:44
Only 9 left in stock
ADD FOR BETTER RESULTS
Save $148.98AUD ‚Äì 49% Off
Low Stock ‚Äì Selling Fast
2 PEOPLE HAVE ADDED THIS ITEM TO THEIR CART TODAY
Only 6 left
4 bought in the last 24 hours.
12 customers viewed this product today!
LOW STOCK (ONLY 10 LEFT!)
JOHN in Toowoomba City, Australia purchased a Resin Tank 7 hours ago
Limited Time Only ¬∑ Online Only
72 Viewing This Product
Only 1 left in stock!
Only 9 units left in stock online.
Someone in Canberra purchased\nADV.2 (Austracantha) about 41 minutes ago
No thank you, I prefer to pay for shipping.
No thanks, I don't like exclusive offers
273 units sold in the last 30 days
No thanks, I'll just pay full price.
No, I'd rather do it the hard way...
Congratulations! You qualify to receive Rechargeable 10-Function Bullet Vibe for FREE!
Other 2 customers have it in their cart.
Selling fast! Add to bag 7 times in the last 48 hours.
Only 2 items left
Marc in Newton, United States purchasedKTM Stand Plate Large KTM...
Sandeep in Hawthorne, California bought Sadie Ponte Pants - Black Just Now
Only 1 unit left in stock
LOW IN STOCK!! GET YOURS NOW
Laurie in Urraween, Queensland bought No Brainer USB Charging Anti-Theft Backpack
Someone in Cedarhurst, United States purchased a Sproet and Sprout Shell/Violet Stripe Bloomers
Your order is prioritized for 13:22 minutes!
Cart will expire in 08:19 minutes!
Time remaining: 04:50
0:44:56
No thanks, I don't like free stuff
DAYS HRS MINS SECS
"Here for a limited time. 4.5"" Red Bottle Sticker w/ Adam's Logo"
Limited time offer.
3 left
Someone in Faizabad just bought: Pretty Love Penis Sleeve 7 inch an hour 2 minutes ago
Limited Time Remaining!
I WANT TO PAY MORE LATER ;)
Limited Time Only - Up to 30% OFF Freshwater Plants! SHOP NOW >
ONLY 5 LEFT, HURRY!
Flash Sale ends in SHOP NOW  
7 customers have this in their basket
Jacob in Seymour, Wisconsin, United States purchased a Bass XL just now!
Hurry! Only 9 left in stock.
13:09:27 HOURS MINUTES SECONDS Sale Ends Once The Timer Hits Zero!
No thanks, I don't like winning
You choose: just one box, or a  Madison Reed Membership?
No, I Don't Like Discounts
LIMITED TIME BLOW OUT SALE UP TO 70% OFF! 110% BEST PRICE GUARANTEE!
$69.50 For A Limited Time Details
Hurry! Only 1 Left In Stock
2,221 people have purchased this item
No, thanks. I'd prefer not to save.
SAVE $200 OFF PUFFY
Tambria in Hattiesburg just bought Peruvian Virgin Natural Wave Hair 3 Bundles with Lace Frontal, 100% Human Virgin Hair 
1 item left
Order without free membership $69.95
Someone in Vancouver, Washington purchased a Orthofeet Men's Orthotic Insoles about 38 minutes
Only 5 left!
Rose in Portland, United States purchased Green Eco-Friendly iPhone XR Case about 54 minutes ago
No thanks, I'll still want to pay full price
Only 3 Left in Stock!
Limited time - final price reflects extra 29% off
Hurry! Only 6 left in stock.
No thanks, I'm not interested
Customer also shopped for
No Thanks, I Don't Want To Save
QUANTITY: *ONLY 1 LEFT
6 customers have this in their basket
No thanks, I want to pay full price
Yes, I Want To Save Money!No Thanks
OFFER ENDS IN: 00:32:04 TIME IS RUNNING OUT!
ONLY $1.99 FOR YOUR FIRST SIX MONTHS, THEN EACH YEAR YOUR MEMBERSHIP WILL AUTOMATICALLY RENEW FOR $39.99 AND BE CHARGED TO YOUR CREDIT/DEBIT CARD ON FILE. CANCEL YOUR VIP MEMBERSHIP ANY TIME TO RECEIVE A PRORATED REFUND BY CALLING (800) 543-7309. BY SUBMITTING YOUR ORDER, YOU AGREE TO THESE VIP MEMBERSHIP TERMS.
Only 4 left in this size!
Chirag in Anoopshahr just got the JAYS - a-JAYS One+ about 17 minutes ago
NO THANKS, I DON‚ÄôT WANT 15% OFF
üî•üëÅÔ∏è 1 person is viewing this.
Hurry up! Only 4 left in stock
No thanks, I don't like to save
Customers also bought
407 customers have viewed this item recently
Only 1 item(s) left in stock
No, I don't want great deals.
Viewed 1040 times in the last 7 days
6 people have looked at this in the last few hrs.
Limited-time Offer: Bundle a base and get 20% off
TWO FREE PILLOWS AND 30% OFF WITH PROMO CODE
11 11 Hours: 00 22 Minutes: 3223 3223 Seconds Sale Ends Once The Timer Hits Zero!
Jim in Houston, USA purchased Pure Ratios: Hemp Oil CBD Patch (40mg CBD)
Only 22 left in stock!
ADD WORLD'S MOST COMFORTABLE CHAIRS
ONLY 3 LEFT IN STOCK!
Someone in Louisville Kentucky United States Purchased Gold Presidential Bracelet With Watch Buckle 9 hours ago
LESS THAN 5 LEFT!
This offer is only VALID if you add to cart now!
Flash Sale Alert! You can now buy Utorch Corridor Porch Aisle Lights from Gearbest.com for only $7.99 (47% off). Hurry up, limited time offer!
Only 9 left
Our items sell fast, don't miss out!
Your order has been reserved for
Sale ends soon
only 5 left in stock
135 people have this in their cart
6 other people looking at this item
Only 1 items left
Would you like to purchase an Extended Protection Plan?
ONLY 14 LEFT AT THIS PRICE
16 recently purchased it.
Faith in Glendale, United States purchased a Choose Your Flavors 5 Bag Sample Pack (Whole Bean) about 1 hour ago
7 sold in the last 48 hours
Someone in Alexandria, United States just bought TTDeye Queen Green Colored Contact Lenses
FLASH 19:15:22
Only available for a LIMITED TIME, so get yours TODAY!
2 in stock
Only 9 items left!
Someone purchased a FORWARD REVIVE WOMEN'S RED WHITE HUSTLE T-SHIRT 32 minutes ago
Joe M from , Bought a Cartoon Caterpillar Rigged 3D Model Recently
Annie in Cheras, Malaysia just bought: An Abundance of Flowers - Van-Go Paint-By-Number Kit
Ketolent subscriptions have no long term contracts. Pause, cancel, or change at any time. Want to swap Vanilla for Chocolate, or set up to renew every 3 weeks? No problem! Send us an email to help@ketolent.com and we'll make the change for you.
Selling Fast
NO THANKS, I'D RATHER PAY FULL PRICE
92 customers bought this in the last 48 hours
An item you ordered is in high demand. No worries, we have reserved your order.
Someone added 1pc 4ocean natural stone beads beaded bracelet men boho handmade to their cart RIGHT NOW
LIMITED TIME ONLY 10 OFF 50 SPEND NEW CUSTOMERS ONLY - TERMS & CONDITIONS APPLY
HURRY! ONLY 14 LEFT IN STOCK.
HURRY, THERE ARE ONLY 9 ITEM(S) LEFT!
Trending Style! Sold 4 times today
Only one left in stock - order soon!
Hurry, only 1 left in stock!
Trending now! Added to basket 490 times today
No Thanks, I Don't Like Saving Money.
Professional Color Tool Kit / Addons
Only 5 left
Only 15 left in stock
Limited Quantity
ONLY 2 LEFT
Matthew in Charleston, South Carolina just purchased The Puffy Lux Mattress
LIVE REMAINING STOCK
339 users are currently active on our website
Please Order Within: 0 0 : 0 2 : 4 1 : 10 65
Nah, I'll pay full price
You may cancel or renew your membership to the VIP Program or find out more information about your VIP Program subscription, including your annual expiration date, by contacting support@grove.co.
No Thanks, I like paying full price.
Popular Item! üî• 16 people are viewing this and 18 recently purchased it.
Ida in Tangerang Selatan, Indonesia purchased Iseya VG10 G-Series 33 layer Damascus Japanese Chef's Santoku Knife , 180mm about 1 hour ago
3 items left
ONLY 52 items left in stock!
Only 2 left in stock
No thanks, I'll pay full price!
If you wish to cancel a membership, please contact our Customer Services Department on UK: +44 808 164 8264 (standard local call charges will apply) or via email on customer.service@beautypie.com. You can also contact the Customer Services Department by post at: Beauty Pie Limited, Customer Service Department, The Point, 210 New Kings Road, London SW6 5NZ, United Kingdom. Please quote your order number in all correspondence.
Only 4 left In Stock
2,229 people have viewed this item
Someone in Castle Hill bought a Philips Essential LED Downlight Kit | 5W 4000K few hours ago.
FOR THE ULTIMATE EXPERIENCE: (Can select more than one)
308 viewed per day
This is in 5 other carts.
STOCK IS GUARANTEED FOR 60 MINUTES
Only 2 units left!
Only 5 left in stock
LIMITED TIME: FREE SHIPPING LOWERED TO ORDERS OVER $69.95!
On Sale! Limited Time Offer!
Sierra in Cypress, California bought Beauty In All Dress, Dusty Blue about 46 minutes ago
"If you click continue below we will be happy to tell you about discounts, money off and new products from Very by e-mail and text,
unless you tell us you DO NOT want to hear about them, by ticking here.
If you would like to receive offers from carefully selected 3rd parties, please tick here"
An item you ordered is in high demand. No worries, we have prioritized your order.
60% OFF ENDS IN DAYS HOURS MINUTES SECONDS
No thanks, I don't like savings
218 people have added this item to cart
QUICK! ONLY 1 LEFT IN STOCK
Only 1 Left !
No thanks, I prefer to pay more for shoes!
ONLY 5 LEFT
20% OFF VALENTINE\u2019S DAY FAVOURITES * | LIMITED TIME ONLY
Availability: Low in stock today
NO THANKS
Popular item! üî• 27 people recently purchased this.
105 pawrents are buying for their furkids now!
Compare at
*Only 2 left in stock. Don't miss out!
NO THANKS, I DON'T WANT TO SAVE MONEY
Low Stock! Only 3 left.
25% OFF SELECTED JACKETS Limited Time
117 people have viewed this item in the last 7 days.
41 people have looked at this in the last couple of hours
Only 1 left in stock! Order soon!
Limited Time Promo $194.00
SUPPORT THE AMERICAN SUPRESSOR ASSOCIATION
James from Colonia purchased a
$132.90 $99.00
HURRY, ONLY 1 LEFT!
No thanks, I don't want to save up to 75%
Tristan in Markham, Canada purchased a Dragon Baseball Jersey
7 left in stock
Be part of the best family ever & enjoy 15% in VIP Benefits on every order, every day. That's 10% Instant Savings plus 5% back in Rewards Cash on everything. Plus, enjoy 90 days to test run your shoes, socks, and insoles. And so much more! Join today for just $1.99 your first year.  
Add to Wish List(13 People Have Added)
No thanks, I want to pay the full price.
Only 1 item left!
Mounif in Pittsburgh, United States purchased
Your order is reserved for 09:43 minutes!
5 LEFT
No thanks, I prefer to pay full price.
Rs 4,013 (Retail Discount) + Rs 2,997 (Limited Time Coupon)
We have 1 left in stock
12 recently purchased it.
0 DAYS22 HOURS13 MINUTES21 SECONDS 
Only 5 left , In Stock
Jamie from Eloy United States purchased a CBD Oil Vape Additives 4 Pack About 7 hours ago
251 people are viewing this right now
HURRY ONLY 1 ITEM LEFT!
404 Orders
50% OFF Everything (yep, even sale) + $5.99 Shipping* ENDS IN 12h 13m 56s
Tyler in Norwalk, United States purchased a
Someone in Pittsworth bought a Ultimate COLT Anal Training Kit 2 hours ago
#6 Bestseller in Rugs This item was viewed 92 times in the last day.
Someone in Shelby twp, United States just bought Galaxy Note 8 10000mAh ZeroShock Battery Case 3 days ago
(Only 1 left!)
How do I cancel my membership? We are confident you will enjoy your Premium Membership. If for any reason you are not completely satisfied within the first 30 days of your paid Annual Membership, we will refund 100% of your membership fee no questions asked. After 30 days we will refund your membership fee on a pro-rated basis. There are no refunds on Monthly Memberships. To obtain a refund, please contact us at 1-855-253-0822 or by email at wwgoasubscription@program-director.net.
Last one available
Carol in St. Louis, Missouri bought Original USB Charging Anti-Theft Backpack
ONLY 4 LEFT IN STOCK
How about these?
Only 14 left in stock
No, thanks, I¬¥d rather pay more
Someone in Culgoa, Australia purchased Savelli Epic Mens Comfortable Leather Lace Up Boots Made In Brazil
1 Left
I don't want a discount
No, thanks. I don't like great deals.
Someone in Paris, France just purchased a Kanpeki Knife Set
Someone in Ampang, Malaysia just bought
Trey in Columbia, United States purchased Leather Cord Capsule
THE COMPETITION $1,299.99
ONLY 5 LEFT!
Hurry Low Stock
Items will be reserved in your cart for 19:10
1 people are viewing this currently
No thanks, I‚Äôll skip this amazing super-saver deal. I don‚Äôt need so many beautiful textures
1 left, order now!
Price Guaranteed For DAYS/HRS/MINS/SECS
No thanks, I don‚Äôt want to save
Wait! YOUR CART QUALIFIES FOR 15% OFF YOUR ENTIRE ORDER. Offer Expires in: 2955
No thanks, I will pay full price.
2 left
25% OFF* ENDS IN 00 : 12 : 27 : 15 DAYS HRS. MIN. SEC.
61 people have already bought that product today with 50% discount
89 currently viewing
Purchased 8 times in the last few days.
Jonathan in Syracuse, United States just bought Electric Skateboard Battery Pack 36V 10S2P 4 hours ago
Low in stock: only 1 left.
Personalize your doll
Availability: 5 items left
Someone from Osijek, Croatia just bought TMC CP Style Single Pistol Pouch
No thanks, I don't want to look my best
ONLY 5 LEFT, ORDER SOON!
70% offers claimed. Hurry up!
Only 1 Left!
Sorry, this is out of stock. You just missed it.
Your order is reserved for 19:57 minutes.
Hurry! Limited Quantity Available.
I wish to Start Shopping but I don't want to receive daily email alerts about your amazing discounts on luxury brands.
Jessica in Orange, United States purchased a Black 1920s Sequin Maxi Flapper Dress 12 minutes ago
3 Left!
Only 5 Left
Only 1 left in stock - Order soon
Only 1 left.
ONCE IT'S GONE, IT'S GONE
Full HD 144Hz IPS Anti-Glare (1920 x 1080) FREE Upgrade (Limited time offer!)
EXTRA -30% OFF WITH CODE: EXTRA30 Ends in: 0 0 0 0 days 0 0 4 4 hours . 0 0 9 9 min . 2 2 8 8 sec
POPULAR 62 others checked this out in the last few hours.
"No thanks! I'd rather join the """"Pay Full Price for Things"""" club."
Get 20% off Sample Doors! √óOffer Ends In 58 : 29 Use Promo Code sample20off
HURRY! ONLY 11 LEFT IN STOCK.
Hurry up! 22 people other than you have this product in their cart
Merchandise: $69.99iService Charge: $14.99 Total Before Tax: $84.98 Estimated Tax:$5.63Order Total: $90.61
4 days 05:46:20
Only 69 left!
52 people have added this product to bag in the last 72 hours
156 sold in last 24 hours
Offer ends 0Hours:04Minutes:46Seconds
1,446 people have viewed this item
Order in 14:53 to get 2 pillows for free
HURRY ONLY 9 LEFT IN STOCK!
only 1 in stock
ON SALE AT $1.99 FOR A LIMITED TIME
Less than 6 items left
Ken in Oakland, United States purchased a Dreamville Hoodie a month ago
17 people have added this item to cart
Free Shipping. Limited Time Only. for orders over $50
Site Wide Savings for the Entire Family! Pricing is off Rogan's Shoes every day Low Prices! Prices are already reflected on the site. Limited time only! Restrictions apply. Online Only.
00 DAYS 00 HOURS 29 MINUTES 26 SECONDS
Hurry! Only 2 Left
1 LEFT IN THIS SIZE
Hurry, only 6 left in stock!
No thanks. I don‚Äôt want to save money.
Hurry !! Only 52 left in stock
Free 60 day VIP trial membership with this order. Cancel anytime.
Purchase Benefit Club Member can cancel the Purchase Benefits at any time by calling MDG‚Äôs Customer Service department at: 1-800-906-0975 ext. 352 and requesting to cancel the Purchase Benefits.
Want to add one of these?
FANSTASTIC DEALS
Alyssa in San Antonio, United States purchased a iTunes Japan Gift Card 10000 JPY about 35 minutes ago
GlassGuard Warranty Do not fear breaking your glass! Add our GlassGuard warranty policy for just $3.85 and we'll insure this purchase.
In Stock (8) Left
Purchased 100+ times in the last few days.
Your cart is reserved for 14:05 minutes!
Only a few left!
In Stock Only 5 left!
Limited Time
AN ITEM IN YOUR CART IS SELLING OUT QUICKLY
Hurry Up! Only 1 Piece Left
LIMITED OFFER: $125 Off + 2 Free Pillows
Want Free Shipping?
Sellout risk:
No thanks, I don‚Äôt like saving money.
00DAYS07HOURS09MINUTES39SECONDS
Someone from purchased a HOLEES Original Ladies II - Navy About 9 hours ago
Availability: Low Stock 4 Remaining
Items in your cart are in high demand. But we have reserved your order.
Viewed 744 times today
Only 2 Left in Stock
1044 sold in past 12 months
64 users bought this product Touch: The Set - Touch XL & TouchUp Makeup Mirror Bundle
Someone in Joliet, Illinois purchased a Yocan Evolve Plus XL Vaporizer
Samuel in Minneapolis, United States purchased a Pod Juice Jewel Mint Cool ‚ùÑÔ∏èNicotine Salt e-Liquid 15/30ml 7 hours ago
SELLING FAST! GET 10% OFF THIS ITEM. ACTIVATE NOW.
LIMITED TIME OFFER
Someone from Cape Town, Western Cape, South Africa just started buying Packable Travel Duffel Bag! 5 minutes ago
Offer ends in 9hrs 55min 29sec!
(LIMITED TIME OFFER) TORSION GUN HOLSTER SUPER COMBO
Hurry! Only 1 left in stock
1 people bought Jotter To Do Refill in the last few hours
Other people want this. 10 people have this in their cart right now.
1 person is looking at this item.
LIMITED TIME OFFER! FREE SHIPPING OVER $99 + FREE RETURNS*
994 items sold this hour.
Someone in Petaling Jaya, Malaysia just bought SNEAKERGUARD Midsole Paint Marker - BOOST White
Availability: Low Stock
Low Stock
72% offers claimed. Hurry up!
(Only 1 Left)
I accept the Terms & Conditions of the FREE Brother Care Program and agree to receive exclusive offers and general promotions from Brother. I may withdraw my consent at any time.
Someone in Red Cliffs bought a RHK Yamaha YZ/YZF/WRF 99-16 Blue Pursuit Footpegs 3 minutes ago
limited availability at this price!
"Save 25% on your entire order 09 Hours 57 Minutes 34Seconds use code: SPRING25"""
No I don't feel lucky
3 LEFT
Hurry! Only 2 left at this price!
Limited Time Offer
NO THANKS, I DON'T LIKE FREE STUFF
I‚Äôve read and accept the terms & conditions * , I also authorize Bosley to contact me by phone or text utilizing automated dialing equipment, as well as by email or mail with information about appointments, products, services, news or promotions. I also agree to Bosley's Terms of Service. Otherwise, call Bosley at 800-985-6405 to request your FREE information kit or to schedule your FREE no-obligation consultation.
Last purchased at 11:19am today.
9 sold in last 4 hours
Less than 10 left in stock
Only 1 piece left.
No thanks, I don't like good deals.
Only 5 pcs left!
Complete your purchase within the next 12:18 minutes and receive 10% off
33 sold in last 12 hours.
3 Left
No thanks, I don't want discount
228 People Have Viewed This Product Recently!
HURRY! ONLY 58 LEFT IN STOCK!
Hayden near Princeton just bought!!!: CBD VEGAN GUMMIES
660 people have viewed today
Someone in Madrid, Spain just bought
Sale Ends in 5 days 14 hours 42 mins 53 sec
LOW STOCK: Only 1 left.
Only 16 Left in Stock!
$3,159.20 $3,949.00 Limited time only
Hurry Up ! Time is running out
5 left
Someone in Arden Hills, United States purchased 120ml Young Napoleon | Best Strawberry Shortcake eJuice | Vaporham Lincoln eLiquid about 42 minutes ago
Would you like to buy more and save more?
FOR A LIMITED TIME ONLY
Someone in Tornado, United States just bought Fresh Melon Menthol 2 hours ago
Only 8 Left!
No Thanks, I Prefer Paying Full Price.
Only 10 left in stock
Limited time offer
11 people have purchased this item
2049 sold in the last 7 days
I don't like discounts
no thanks, I like paying full price
232 people are viewing this offer!
Prior to the automatic renewal and billing, we will notify you in advance (via the email you used at the time of enrollment) of (i) the pending renewal, (ii) the then current fees and charges applicable to the Passport Program, and (iii) where you may find more information about the Passport Program. We will also send you an additional email confirming your renewal. Should you elect not to renew your Membership, you may cancel at any time prior to the renewal by emailing us at passportmembership@1800flowers.com and your credit/debit card on file with us will not be charged. A confirmation email will be sent to you.
02 DAYS :23 HOURS :00 MINS :54 SECS
1DAYS 04 HOURS 17 MINUTES 18 SECONDS
Sale ending in 0 days 04 hours 12 minutes 10 seconds
127 People viewed this product this week
üî• 2 people are looking right now
Enter your email VIEW MY CODE OFFER EXPIRES IN: 0 minutes 00 seconds EXTRA 10% OFF
161 people have viewed this item
Only 2 left.
Hurry! Only 7 left in stock.
Hot Offer. Limited Time
Only 1 Left in Stock!
Rick in Columbia, United States purchased a
9 items left
Hurry up! Only 11 items left
Debby in Harpers Ferry, United States just bought: Icing Pen Decorating Tool
Grab yourself a bargain!
Hurry! Only 1 left!
No Thanks, I prefer not to have a protection plan
31 have it in their cart
People also buy this with
HURRY! ONLY 31 LEFT IN STOCK.
Only 3 left.
We may also disclose your information to third parties who may contact you with details of other products and services which may be of interest. If you do not want your name and mailing details made available in this way please email opt-out@nextdirect.com
Order now, only 2 left in stock!
Someone in Chambersburg, Pennsylvania purchased
2day 13:49:51 Left
Hurry up! Sale Ends in
Limited Stock
93 PEOPLE HAVE BOUGHT THIS PRODUCT TODAY
No, thanks. I'd rather pay full price.
LIMITED TIME OFFER : Grab a Matching Pair & save up 60%!
Yes! Upgrade my purchase
Jeremy in Warroad, United States purchased a
Deal expires in: 03 hrs 25 mins 22 sec
FREE SHIPPING // FOR A LIMITED TIME ONLY
only 5 left in stock!
40% OFF EVERYTHING* ENTER: 40PLT + FREE SHIPPING OVER $80 HURRY! LIMITED TIME ONLY
Natalie in Graham, United States purchased a FREE BTS Answer Magic Pillow about 1 hour ago
Order Subtotal $19.99 Standard Delivery $12.99 Care & Handling $2.99 Tax $2.38 Total $38.35 Savings Today $10.00
No I'd rather not hear about exclusive offers and discounts.
No thanks, I‚Äôd rather pay more
Only 3 left in stock!
What people are saying about us...
Act now and save $12.99. Limited time only!
Only 13 left!
If your JR Plus membership has renewed automatically, you have seven (7) days after payment is taken to cancel your annual membership. You must contact Customer Service at (888) 574-3576 within this window and not have made any eligible purchase using the JR Plus service. You will then be provided with a full refund of your membership fee for the renewal year and the JR Plus service will be cancelled from your account. If you cancel during any renewal year after the seven (7) day window expires, you are not entitled to any refund of the renewal fee, even if you have not made any eligible purchase during the renewal term.
Tick here if you do not want to receive Promotional Offers by Post Tick here if you do wish to receive Promotional Offers by email and/or SMS Tick here if you would like to receive Offers from selected third parties
40% OFF EVERYTHING* ENTER: 40PLT + FREE SHIPPING ON ALL ORDERS OVER $80 
You may cancel your membership at any time by calling us at at 855-861-2573 (6:00AM ‚Äì 5:00PM PST) or by emailing support@luckytacklebox.com. California residents may also cancel your subscription by accessing your Account through the Site.
Hurry, only 5 left
No thanks! I don't like deals
You may cancel your Minted More membership at any time by contacting Minted Customer Service at www.minted.com/help. If you cancel your membership before your Minted More gift box has shipped, we will refund your full membership fee; provided that we may charge you (or withhold from your refund) the value of Minted More discount benefits used by you and your account prior to cancellation. If you cancel at any other time, your membership fee is non-refundable.
SALE ENDS IN 19 DAYS, 9 HOURS, 50 MINUTES, 54 SECONDS
Your order is reserved for 29:52 minutes!
LIMITED TIME ONLY
Only 9 left!
Mher from San Angelo, TX Recently made a purchase with Crossrope
There's no obligation to buy as an Xtra VIP Member, nor is there any minimum number of months or commitment for membership. You can shop or ‚ÄòSkip‚Äô by the 5th of each month, and you can cancel your membership at any time by calling (855) SAVAGEX (open 24/7).
3 left in stock
No thanks. I love chaos!
No thanks, I like paying full price
ONLY 9 LEFT
No Thanks, I don't want official software at the best price.
Only 4 left in stock
10 Left in stock
